city_name,cluster,second_area
Івано-Франківськ,0,"Княгинин, Позитрон, Центральний ринок, Парк Воїнів-інтернаціоналістів, ТЦ Панорама плаза, ТЦ Пасаж, Центр, НТУ Нафти і Газу, Залізничний-автовокзал, Гірка, Міське озеро, Синагога Темпель, БАМ"
Івано-Франківськ,1,"Стометрівка, Чорновола, Університет імені Василя Стефаника, Меморіальний сквер, Університет Короля Данила, Позитрон, Національний медичний університет, Пам'ятник Степану Бандері, ТЦ White, Кінотеатр Космос, Обласна дитяча клінічна лікарня, Арсенал, Центр, Стадіон Рух, Драмтеатр, Велмарт, ТЦ Флагман, Монумент Івану Франку, Синагога Темпель, Парк ім. Тараса Шевченка, Аеропорт, Міське озеро, ТЦ Велес, Пасiчна"
Івано-Франківськ,2,"ТЦ Велес, Будівельників, Стадіон Пожежник, ТЦ Арсен, Позитрон, Княгинин, Каскад, Софіївка, Кішлак, Гірка, Епіцентр, Надрічна, Metro, Костел Христа Царя, Брати, Центр, McDonald's, Вовчинець"
Івано-Франківськ,3,"Крихівці, Парк ім. Тараса Шевченка, Ковзанка Цунамі, Міське озеро, Позитрон, БАМ, Патріот, Калинова слобода, Набережна вулиця ім. Василя Стефаника, Городок, Каскад, Стометрівка, Арсенал"
Івано-Франківськ,4,"Брати, Рiнь, Тисменицька, Майзлі, Набережна р. Бистриця Надвірнянська, Будівельників, Залізничний-автовокзал, Храм Царя Христа, Центр, Епіцентр, Позитрон, Микитинці, Кінотеатр Космос"
Івано-Франківськ,5,"Надрічна, Пасiчна, Обласна клінічна лікарня, Автостанція №2, Собор Преображення Господнього, Княгинин, Німецьке озеро, Ботанічний Сад імені Василя Стефаника, Центр, НТУ Нафти і Газу"
Івано-Франківськ,6,"Позитрон, Опришівцi, Велмарт"
Івано-Франківськ,7,"Міське озеро, Кант, Набережна вулиця ім. Василя Стефаника, ТЦ Пасаж, Архикатедральний Собор, НТУ Нафти і Газу, Позитрон, Центр, Національний медичний університет, ТЦ Флагман, Парк ім. Тараса Шевченка, Університет імені Василя Стефаника"
Вінниця,0,"П'ятничани, Хімік, Замостя, Квадрат, Київська, Можайка, Центральний ринок, ТЦ Квартал, Бригантина, Тяжилів, Варшава, Р-н «Будинок офіцерів», Казарми, Підшипниковий завод, Подільській зоопарк"
Вінниця,1,"Лісопарк, Долинки, Вишенька, Аквапарк ""Маяк"", ТРЦ Мир, Барське шосе, ТРЦ ""Мегамол"", ТЦ Пасаж, ТЦ Вишенька, П'ятничани, Чорнобиль, Пирогово, Вишенське озеро, Центр, Куба, ТЦ Плаза парк, Ботанічний сад «Поділля», ТЦ The Mall, Нижня Слов'янка, Парк «Вишенський»"
Вінниця,2,
Вінниця,3,"Нижня Слов'янка, Поділля, ТРЦ «Поділля Сіті», Свердловський Масив, Парк «Вишенський», Ринок ""Урожай"", Парк імені лікаря О.І.Ющенка, Царина, Академічний, Вишенька"
Вінниця,4,"Тяжилів, Військове містечко, Замостя, Хімік"
Вінниця,5,"ТРЦ Skypark, Центр, Замостя, Європейська площа, Старе місто, Набережна Рошен, Кумбари, Садки, Краєзнавчий музей, Центральний міський парк ім. Леонтовича, Свердловський Масив, Долинки, Центральний ринок, Корея, Київська, Військове містечко, Універмаг, Вишенька, Cпорткомплекс «Термінал», Верхня Слов'янка, Поділля"
Вінниця,6,"Академічний, Подільський парк, Пирогово"
Вінниця,7,"Старе місто, Малі Хутори, Олієжир, Слобідка, Крива, Центральний ринок"
Дніпро,0,"Лівобережний-3, Кам'янський, Лівобережний-4, Ломівка, ТЦ На Клочко, ТЦ ""Сіті Центр"", Стадіон Петра Лайко, Калинівський, ТРЦ Караван, Лівобережний-1, Боржом, Калинова, Березинський Ринок, Бараф, Ломівський, Районна лікарня, Амур-Піски, Лівобережний-2, Амур-Чорнозем, Центральний міст, Амур, Амурський парк, Воронцовський, Образцова"
Дніпро,1,"Планетарій, ДДАЕУ, Перемога-1, Набережна Перемоги, ТРЦ NEO PLAZA, Троїцький ринок, Музей українського живопису, Технічний музей ""Машини часу"", ТЦ Atrium, Нагірний, Цирк, Нові плани, Центральна міська бібліотека, ЦУМ, Європейська площа, Лікарня Мечникова, ТЦ Delmar Mall, Нагорний ринок, Драмтеатр, Філармонія, ТРК Мост-сіті, Гагаріна, ТЦ Пасаж, Парк імені Юрія Гагаріна, Стадіон Славутич, Аерокосмічний музей, Центр, Монастирський острів, Театр опери і балету, ТЦ Босфор, Табірний, Рибальське, Катеринославський бульвар, Театр одного актора ""Крик"", Фабрика, Перемога-5, Перемога-3, УМСФ, Парк Шевченка, Перемога, Спасо-Преображенський кафедральний собор, Стадіон «Дніпро-арена», Центральний міст, ДДУВС, Довга балка"
Дніпро,2,"Олександра Поля просп., Робоча-верх, Сквер Героїв, Озерка, Мазепи, Театр опери і балету, Привокзальний, Спортзал ""Мустанг"", Івана Мазепи просп., Стадіон «Дніпро-арена», Залізничний вокзал, Центральний ринок, Стадіон ""Локомотив"", Воєнка, Фрунзе, Свято-Тихвінський монастир, Рибальське, Лікарня №16, Парк Зелений гай, ТРЦ ""Міріада"", Чечелівка, Центральний міст, Південмаш, Спортклуб ""Канрей"", Парк ім. Лазаря Глоби, ТЦ ""Славутич"", Палац культури машинобудівників, Нижній, Парк імені Богдана Хмельницького, Робоча Слобода, Підгірна Слобода, Шляхівка, Автовокзал, Робоча-низ, Довга балка, 12-й Квартал, Нові плани, ТЦ Appolo, Центр зайнятості, Річковий вокзал, Розвилка, ТРЦ Дафі, Покровський"
Дніпро,3,"Червоний камінь, Мазепи, Покровський, Новокодацький парк, Парус, Вітрило, Нові Кайдаки, Кам'янка, Дієвка-2, Західний, Новий м-н, Храм Різдва Пр. Богородиці, Березанівка, Таромске, Міська лікарня №4, Міська лікарня №5"
Дніпро,4,"Рибальське, Калнишевського, Калинова, Спорткомплекс ""Олімпія"", Осіння, ТЦ Вавилон, Мануйлівка, Сонячний, Лісопарк Дружби народів, Клочко старе, Воронцовський, Султанівка, Сахалін, Бараф, Міська лікарня №6, Міська дитяча лікарня, Зразковий ринок, Слобожанський просп., Металіст, Стадіон Петра Лайко, Північний, ТЦ «МЛИН», ТРЦ Караван, Центральний міст, Північний ринок, Нижньодніпровськ-Вузол, Образцова"
Дніпро,5,"ТРЦ «TERRA» Тополя, Рибальське, Тітова, Тополя-1, ТРЦ «TERRA» Богдана Хмельницького, Парк ім. Володі Дубініна, Тополя-3, Тополя-2, Басейн «ДВУФК», ТЦ Appolo, ТРЦ Дафі, 12-й Квартал, Парк 40-річчя визволення Дніпра, ТЦ ""Славутич"", Парк імені Юрія Гагаріна, Будівельник, Парк ім. Писаржевського, Бульвар Слави, Підстанція, Шинник, Академмістечко, Сокіл-1, Палац Спорту ДНУ ім. О. Гончара, Мирний, Центр, Епіцентр, Стадіон Олімпійські резерви, Корея"
Дніпро,6,"Перемога-6, Перемога-5, ТЦ Кодак, Перемога-1, Яхт-клуб Січ, Перемога-3, ТЦ Набережний, Сокіл-2, Перемога-2, Придніпровськ, Перемога, Перемога-4, Лоцманська Кам'янка, ТЦ Hermes, Міська лікарня №12, Сокіл-1, Бульвар Слави, Придніпровський ринок, Рибальське, База ФК ""Дніпро"""
Житомир,0,"Чеська Крошня, Парк відпочинку Крошенський, Путятинка, Богунський кар’єр, Смокiвка, ТЦ Острів, Соколова гора, Хмільники, Богунія, Ринок Хмільники, Чулочка, Малинський ринок, Аеропорт, Каракулi, Сінний ринок, Квара-парк, Крошня"
Житомир,1,"Стадіон Полісся, Старий бульвар, Музична фабрика, Центр, Корбутівка, Схiдний м-р, ТЦ Сімейний, Ботанічний сад, Музей космонавтики ім. С.П. Корольова, Паперова фабрика, Путятинка, Соборна площа, Левкiвка, Смолянка, Схiдний промвузол"
Житомир,2,
Житомир,3,"ЦУМ, ТЦ Дастор, Автовокзал, Кашперiвка, ТРЦ Ярмарок, ТРЦ Глобал UA, Старе місто, Площа Перемоги, Путятинка, Житній ринок, Сурина гора, Гейнчiвка, Стадіон Спартак Арена, Вокзал, Центр, Хмільники, Сінний ринок, Богунський кар’єр"
Запоріжжя,0,Павло-Кічкас
Запоріжжя,1,"2-й Шевченківський м-р, 1-й Шевченківський м-р, Кінотеатр ""Байда 3D"", 3-й Шевченківський м-р, Димитрова селище, Стадіон ""Стріла"", Воєнне містечко, Зелений Яр"
Запоріжжя,2,
Запоріжжя,3,"3 Хортицький, Парк поколінь, Палац культури ""Хортицький"", Лахтинський ринок, Універсам, ТЦ ""Амстор"", Автодром, 5 Хортицький, 17-й  м-р, Ювілейний ринок, 6 Хортицький, 15-й м-р, Ринок Бахчисарай, 16-й м-р"
Запоріжжя,4,"ТРЦ ""Аврора"", Малий ринок, Старе місто, Локомотив стадіон, Овочевий ринок, Площа Свободи, Робоче селище, Мотор-Січ, Парк ім. Климова, Гортоп, Театр ""СВIЯ"", 1-й Шевченківський м-р, ТРЦ ""City Mall"", Спорткомплекс ""Спартак"", Приміський Залізничний Вокзал, 3-й Шевченківський м-р, Міський РАЦС"
Запоріжжя,5,"4-й Південний м-р, Олександрівський ринок, Південне селище, Космос, 1-й Південний м-р, Сквер Гагаріна, Друготравневе селище, Першотравневе селище, 3-й Південний м-р, 2-й Південний м-р, 5-й Південний м-р, Зоопарк ""Сімба"""
Запоріжжя,6,"Бородинський м-р, Парк Енергетиків, ТЦ ""Континент"", Осипенківський ж/м, Ринок Селянський, Спорткомплекс SKV, Храм Св.Ап.Іоанна Богослова, Великий Луг, Бомбей, Робоче селище, Парк ім. Чуйкова, Бородинський ринок"
Запоріжжя,7,"Парк трудової слави, СК ""Будівельник"", Філармонія, Вознесенівський ринок, ТЦ ""Центральний"", 12 квітня, Обласна інфекційна лікарня, Міський РАЦС, Фонтан життя, Палац спорту ""Юність"", Жданівський пляж, Соцмісто, Фестивальна площа, Набережна, Виставковий центр ""Козак-Палац"", Кінотеатр ""Байда 3D"", Стадіон ""Славутич-Арена"", Парк Перемоги, 3-й Шевченківський м-р, Площа Профспілок, FitClub Sky hall, ТЦ ""Україна"", Бульвар Шевченко, Кінотеатр ім. Довженка, Палац культури ""Орбіта"", Критий ринок, Космос, Запорізька площа"
Київ,0,"Феофанія, Жуляни, Сквер Героїв Маріуполя, Автозаводська, Нова забудова, Клуб ""Saxon"", Голосіївська купіль, Голосіїв, ТРЦ Respublika Park, ТЦ ""Магелан"", Глушкова Академіка, Музей авіації, Інститут кібернетики ім. В.М.Глушкова, НУБІП, Парк ім. М.Рильського, Теремки-1, Національний інститут раку, Теремки-3, Теремки-2, Аеропорт ""Київ"", Китаїв, Спасо-Преображенський собор, Михайлівська Борщагівка, Експоцентр України, Ринок Столичний, Віта-Литовська, Голосіївський ліс, Ширма, Стелла Київ В.Великий, Корчувате, Льодовий Палац, Конча-Заспа"
Київ,1,"Парк Перемога, Стара Дарниця, ТРЦ Проспект, Русанівка, Березняки, Лівобережний масив, Лікарня Швидкої Допомоги, Парк ""Тельбін"", Північно-Броварський масив, Автозаводська, ТЦ ""Silver Breeze"", Парк Кіото, Проспект Соборності, Воскресенський масив, ДВРЗ, Соцмісто, Дарницька площа, ТРЦ ""KOMOD"", Ринок Юність, Пологовий будинок № 6, КНТЕУ, Биківня, Русанівські сади, Лісовий масив, Райдужний, Птахофабрика, Океанаріум «Морська Казка», Ліски"
Київ,2,"Квітництво, Замковище, Вітряні Гори, ТЦ Retroville, Мінський масив, Автозаводська, Синьоозерний масив, Оболонь, Вишгородський масив, ТРЦ DREAM yellow, Куренівський ринок, Міська лікарня №8, Парк Наталка, Стадіон Оболонь-Арена, Проспект Степана Бандери, ТРЦ DREAM berry, Куренівка, Біличе поле, 1-й мікрорайон Виноградаря, Оболонська набережна, Мамаєва Слобода, Нивки, Сирецький дендрологічний парк, Пріорка, ТРЦ Lavina Mall, Стадіон Спартак, Бабин Яр, Крістерова гірка, ТЦ Караван Outlet, Виноградар, 2-й мікрорайон Виноградаря, Берковець, Озеро Вербне, Мостицький масив, Селище Шевченка, Сквер Скрябіна, ТЦ Орнамент, Селище Водогін, Пологовий будинок №2, СК ""Сирець"", Площа Шевченка, Куренівський парк, Пуща-Водиця, ТЦ ""Gorodok Gallery"", Афанасівський яр, Парк ""Березовий Гай"""
Київ,3,"Кибальчич, Виґурівщина, Мінський масив, Троєщина, Воскресенський масив, Кінотеатр ""Флоренція"", Райдужний, Троєщинський базар, Парк Наталка, Рибальський острів, ТЦ Милославський, ТРЦ РайON, Авторинок на Перова, Молодіжний парк, Проспект Романа Шухевича, ТРЦ ""Квадрат NEO"", Село Троєщина, Лісовий масив, Автозаводська"
Київ,4,"Парк Партизанської Слави, ТРЦ Piramida, ТЦ River Mall, ТРЦ ""Аладдін"", Озеро Вирлиця, Позняки, Рембаза, Осокорки, Автозаводська, Червоний хутір, Палац культури ""Дарниця"", ТРЦ ""New Way"", Харківський масив, Корольок, Березняки, Нова Дарниця, ТЦ “inSilver”, Бортничі, Міська лікарня №1, Парк ""Тельбін"", Проспект Соборності, ТЦ ""Silver Breeze"""
Київ,5,"Ґалаґани, Академмістечко, Мамаєва Слобода, Автозаводська, Автостанція Дачна, Пологовий будинок № 3, Парк Нивки, Південна Борщагівка, Шпалерний ринок, Авіамістечко, Новобіличі, Святошин, Медмістечко, Нивки, Біличі, Спорткомплекс «Венето-Sport», Братська Борщагівка, Відрадний, Басейн Нивки, Грушки, Микільська Борщагівка, Ринок Дніпро, НАУ, Михайлівська Борщагівка, Парк ""Орлятко"", Парк ""Інтернаціональний"", ТЦ ""Silver Breeze"", Стадіон Темп, Жовтневе, Стадіон ""Піонер"", Бабин Яр, Парк ""Відрадний"""
Київ,6,"Охматдит, Севастопольська площа, Солдатська слобідка, Чоколівка, Автозаводська, Центральний РАЦС, Цирк, Обласна лікарня, Рибальський острів, Вовчий яр, Кудрявець, ТЦ Гулівер, Юрковиця, Парк ""Павлівський садок"", КНУБА, Лук'янівка, Кінотеатр ""Супутник"", Караваєві дачі, Парк Захисників України, ТРЦ Blockbuster Mall, Солом'янська площа, Бессарабка, ТЦ Аркадія, Першотравневий масив, Індустріальний шляхопровід, Ботанічний сад ім. акад. О. В. Фоміна, Татарка, Поділ, Кінотеатр ""Київська Русь"", Кучмин яр, Спорткомплекс ЦСКА, Зоопарк, Парк ім. Пушкіна, Мечеть-Ар-Рахма, Шулявка, Турецьке Містечко, Пологовий будинок № 5, Щекавиця, Воздвиженка, Ринок Солом'янський, Мамаєва Слобода, Солом'янський ландшафтний парк, КНЕУ, Міністерство освіти і науки, Пейзажна алея, Солом'янка, Залізничний вокзал, Олександрівська слобідка, Андріївський Узвіз, Спортивна площа, НАУ, ТЦ Променада центр, Політехнічний інститут, Аеропорт ""Київ"", Радіовежа, Новокараваєві дачі, Житній ринок, Парк ім. Шевченка, Києво-Могилянська академія, Університет оборони України, Маріїнський парк, Паньківщина, Контрактова площа, Кінотеатр ""Жовтень"", Міграційна служба, Парк КПІ, Львівська площа, ТЦ Олімпійський, Жуляни, Грушки, Офіс Президента, Афанасівський яр, Софіївська площа, КПІ, Міська лікарня №4, Володимирська Гірка, Універмаг Україна, Свято-Макаріївська церква, Старий Київ, Театр опери та балету, Майдан Незалежності, Михайлівськая площа, Липки, ТРЦ ""Мармелад"", Сирецький парк, Бессарабський ринок, Смородинський парк"
Київ,7,"Саперна слобідка, Хрести, Клов, Автозаводська, Видубичі, Залізничний масив, ТЦ Ocean Plaza, Бусове поле, КНУКіМ, Центр О.Довженка, Володимирський ринок, Будинок культури ім. Я.Батюка, Чорна гора, ТЦ ""Інтервал-Плаза"", Кадетський Гай, Печерський міст, Звіринець, Пологовий будинок № 1, Ширма, Багринова гора, Печерськ, Військовий госпіталь, Новопечерські липки, Свято-Введенський монастир, Голосіїв, Деміївка, ТЦ Олімпійський, Стадіон Олімпійський, Черепанова гора, Ринок Солом'янський, Турецьке Містечко, Парк ім. Шевченка, Міська лікарня №10, Божків яр, Совки, Бібліотека ім. В.І.Вернадського, Солом'янська площа, Нова забудова, Царське село, Мамаєва Слобода, Парк ім. М.Рильського, Китаїв, Національний ботанічний сад ім. М. М. Гришка, Експоцентр України, КНУТД, Парк Вічної Слави, Музей авіації, Печерський ринок, Батьківщина-Мати, Цимбалів яр, Олександрівська слобідка, Автовокзал, ТЦ River Mall, Спорткомплекс НУХТ, Жуляни, КНЛУ, Аеропорт ""Київ"", Монтажник"
Кривий Ріг,0,"Парк ""Саксаганський"", ТЦ ""Епіцентр"", Ринок ""Ювілейний"", Гірницький м-н, м-н Східний 3, м-н Східний 2, Стадіон ""Сонячний"", м-н Східний 1, ТЦ ""PROSPECT"", Торговий Дім, Міський центр зайнятості, Сквер Героїв Чорнобиля, КРЕС, Кінотеатр ""Олімп"", Міська лікарня №4, Довгинцеве, ТЦ ""City Mall"", Кінотеатр ""Юність"", ТЦ ""Terra Mall"""
Кривий Ріг,1,"Карачуни, Храм Різдва Пр. Богородиці, Гданцівка, Парк ім. Ю.Гагаріна, м-н Всебратське-2, Парк ім. Савицького, Краєзнавчий музей, Міська лікарня №3, ТЦ ""Ліберті"", ТРЦ ""Victory Plaza"", ТЦ ""Зірка"", Драмтеатр, Районна рада, Змичка, 95 квартал, Юнацький парк, Гданцівський парк, Чорногорка, Палац культури і техніки ПГЗК, Парк Будівельників"
Кривий Ріг,2,"Червона, Ж/д станція ""Рокувата"", Кінотеатр ""Олімп"""
Кривий Ріг,3,"Даманський м-н, Парк Північний, Карачуни, Педагогічний університет"
Кривий Ріг,4,"Соцмісто, Автовокзал, Парк ""Ювілейний"", ТРЦ ""Union"", Парк ім. Б.Хмельницького, 95 квартал, Оптовий ринок, Педагогічний університет, Карнаватка, РЦ ""FUN PARK"", Сквер біля Цирку, ТЦ ""Плаза"", Червона, Сквер 60-річчя Перемоги, СК ""Локомотив"", Ж/д станція ""Лісозахисна"", Парк Північний, ТЦ ""Зірка"", Довгинцеве, Ж/д станція ""Рокувата"", Гірницький м-н, Національний університет, Кінотеатр ""Юність"", Залізничний вокзал, Карачуни, Ж/д станція ""Батуринська"""
Кривий Ріг,5,"5-й Зарічний м-н, Палац спорту ""Молодість"", Парк Шахтарський, 4-й Зарічний м-н, КРЕС, Суха Балка, Міська лікарня №16, 44-й квартал, ТЦ ""Terra Mall"", Стадіон ""Гірник"", Рибасове, Палац культури ""Центральний"", 7-й Зарічний м-н, Перинатальний центр, Соколовка"
Кропивницький,0,"Полтавська, П'ять/П'ять, Автовокзал, Некрасівка, Парк ім. Крючкова"
Кропивницький,1,"Чечора, Автовокзал 2, Озерна балка, Обласна лікарня, Дендропарк міський, Фортеця святої Єлисавети, Друкарня, Критий ринок, ТЦ Плазма, Європейський ринок, Новоолексіївка"
Кропивницький,2,"Велика балка, Катранівка, ТЦ ДЕПОт Центр, Центр, Новомиколаївка, Попова, Шкільний, селище Гірниче, Автовокзал 2, Балашівка, Центральний ринок, Краєзнавчий музей, ТЦ Лісова пісня, Парк Козачий острів, Спасо-Преображенський кафедральний собор, П'ять/П'ять, Пам'ятник першому трамваю, Чечора, Ковалівський парк, Кущівка"
Кропивницький,3,"Маслениківка, селище Гірниче, Кущівка, Новоолексіївка, Пермське"
Кропивницький,4,"Лікарня Швидкої Допомоги, Новомиколаївка, Черемушки, Лелеківка, П'ять/П'ять, Миколаївський ринок"
Кропивницький,5,Полтавська
Кропивницький,6,"Попова, М-н Космонавтів, Жадова, Велмарт, 101-й мікрорайон, Епіцентр, Пацаєва, Черемушки"
Кропивницький,7,"Ковалівський парк, Ковалівка, селище Гірниче, Полтавська, Шкільний, Парк Козачий острів, Новомиколаївка, Балашівка, Озерна балка, Залізничний вокзал, Театральна площа, Парк ім. Крючкова"
Львів,0,"Парк ім. Івана Франка, Кульпарків, Піскові Озера, Victoria Gardens, Парк психіатричної лікарні, Кульпарківський парк, Аквапарк Пляж, Скнилівок, Вулька, ЦУМ, Сигнівка, Скнилівский парк, Скриня, Медик, Сріблястий, Гора Шембека, Sport Life Героїв УПА, Парк Боднарівка"
Львів,1,"Левандівка, Рясне, Львівський національний університет імені Івана Франка, Рясне-2, Парк ім. Івана Франка, Сріблястий"
Львів,2,"Замарстинiв, Голоско, Стадіон Прогрес, Львівський національний університет імені Івана Франка, Парк імені 700-річчя Львова, Палац культури ім. Гната Хоткевича, McDonald’s Чорновола, SPARTAK, Підзамче, Галицьке перехрестя, Автовокзал Північний, Sport Life Гетьмана Мазепи, Збоїща, СКА, Високий замок"
Львів,3,"Гора Шембека, Стадіон Динамо, Арена Львів, Парк Боднарівка, Львівський автовокзал, Новий Львів, Боднарівка, Вулька, ЦУМ, Горіховий гай, Шувар, Стрийський парк, Парк Залізна вода, Аквапарк Пляж"
Львів,4,"Погулянка, Площа Митна, Український Католицький Університет, Майорівка, Знесiння, ЛМНУ ім. Данила Галицького, Новий Львів, Пам'ятник королю Данилу Галицькому, Шевченківський гай, Софіївка, Mузей-заповідник Личаківський цвинтар, Львівський національний університет імені Івана Франка, Винниківський ринок, Личакiв, Снопківський парк, Великi Кривчицi, Гора Шембека, Сквер На валах, Стадіон Україна, Стрийський парк, Пам'ятник Михайлові Грушевському, Дім Єнотів"
Львів,5,"Парк культури та відпочинку імені Богдана Хмельницького, Автовокзал Двірцевий, Львівський національний університет імені Івана Франка, Церква св. Анни УГКЦ, Клепарів, Фридрихівка, Краківський ринок, Пам'ятник королю Данилу Галицькому, Парк ім. Івана Франка, Театр ляльок, Храм Святих Ольги і Єлизавети, Old City Hostel, McDonald’s Чорновола, Готель Львів, Головний залізничний вокзал, Sport Life Героїв УПА, Львівська Політехніка, Собор Святого Юра, Медик, Форум Львів, Цирк, Палац культури ім. Гната Хоткевича, Вірменський собор, Пам'ятник Тарасові Шевченку, Скриня, Стадіон Торпедо, Львівська Національна Опера, Національний драматичний театр імені Марії Заньковецької, Гора Шембека, СКА, Вулька, Площа Ринок, Львівська ратуша, Сквер На валах, Пам'ятник Михайлові Грушевському, Стадіон Динамо, Домініканський собор"
Львів,6,"ПАТ ІСКРА, Санта Барбара, Пасiки-Міські, Авторинок Зелене коло, Галицький ярмарок, Сихiв, Сквер Іоанна Павла II, Новий Львів, Сихівський ліс, Майорівка, Гора Шембека, Козельники, Пирогiвка, Кінопалац ім. О. Довженка, Погулянка, Sport Life Зубрівська"
Миколаїв,0,"Богоявленський, Балабанівка, Жовтневе"
Миколаїв,1,"Соляні, Магелан, Північний ринок, Тернівка, Центр, Північний"
Миколаїв,2,"Зоопарк, Парк Юність, Проспект Миру, Новий Водопій, Нове Садівництво, ПТЗ, Ринок Колос, Слобідка, Автовокзал, Кульбакине"
Миколаїв,3,"Центральний міський стадіон, Намив, Парк Шевченка, Сухий фонтан, Сонячний, Музей суднобудування і флоту, Залізничний вокзал, Дикий Сад, Центральний ринок, McDonald’s, Театр драми та музичної комедії, Ліски, Дитяче містечко Казка, Стадіон Юність, Художній драматичний театр, Каштановий сквер, Центр, Соляні"
Миколаїв,4,"Марк плаза, Кафедральний Собор, ТРЦ City Center, Слобідка, Манганарівський сквер, Автовокзал, Авторинок, Парк Юність, Намив, Університет ім. Петра Могили, Центр, Народний сад, Військова Слобідка, ПТЗ, Левади, McDonald’s, Ліски, Адміралтейський парк, Театр драми та музичної комедії, Каштановий сквер, Художній драматичний театр"
Миколаїв,5,"Ліски, Намив, Ринок Штрассе, Ліски-2, Парк Ліски, Центр, Проспект Миру, Сухий фонтан"
Миколаїв,6,"Старий Водопій, 13-а Лінія, Проспект Миру"
Одеса,0,"Черемушки, Дмитрівка, Таїрова, Фонтан, Дача Ковалевського, Південний-Захід, Успенський монастир, Парк 411 батареї, Південний, ТЦ Мегадім, Золотий берег, Парк Перемоги, Шкільний, ТЦ ""Вузівський"", Київський ринок, Люстдорф, Чорноморка, Великий  фонтан, Суднобудівник сел., Сквер ім. Академіка Корольова, Вузівський мікрорайон, Парк ім. М. Горького, Черьомушки ринок, Чубаївка, ТЦ Панорама, Авіаційний завод, Пасаж Менделевичів, Чарівний світ, Таїровський цвинтар, Ринок Південний"
Одеса,1,"McDonald's, Котовского селище, ТЦ ""Атріум"", Молодіжний Сквер, Траса здоров'я, Парк на Кримській, РАЦС, Парк Ентузіастів, Автошкола ПЕГАС, Кримський бульвар, Парк Лузанівка, ТЦ Хвиля, Обласний пологовий будинок, Обласна лікарня, Метро, Луна-парк Colorito, Парк ім. Добровольського, ТЦ Екватор, Північний ринок, Денрарій ""Суворовський"", Пам'ятник парашутистам, Пішохідний міст, Міська дитяча лікарня №3, Лузанівка, Одеса-Сортувальна, Спортклуб ""Чемпіон"", Собор архангела Гавриїла, Слобідка"
Одеса,2,"Храм Св. Марії Магдалини, пл.10 Квітня, Парк Перемоги, Іподром, Пляж ""Курортний"", Отрада, Аркадія, Парк Юність, ТЦ ""ЦУМ Одеса"", Центр, Юридична академія, Траса здоров'я, Середній фонтан, Дерибасівська, Кіностудія, Суднобудівник сел., Великий  фонтан, Аграрний університет, Сквер 7-ї станції, Парк Обласної Ради, ТЦ Kadorr City Mall, Пляж Відрада, Куликове Поле, Олімпійський сквер, Стадіон Спартак, Парк Космонавтів, Академія харчових технологій, FlySim Авіатренажер, Парк ""Азербайджан"", ТЦ Сади Перемоги, Луна-парк «Одеса», Вузівський мікрорайон, Фонтан, Ланжерон, Південний, Аркадійська алея, Палац спорту, Малий фонтан, Стадіон Динамо, Пляж Калетон, Одеська політехніка, Пасаж Менделевичів, Одеса-порт, Молдаванка, Консульство Болгарії, ТРЦ Gagarinn Plaza, Таїрова, Старосінний сквер, Черемушки, Старе місто, Дача Ковалевського, Стадіон Чорноморець, Чубаївка, Зоопарк, ТЦ ""Новий Привоз"", ТЦ Fontan Sky Center"
Одеса,3,"Молдаванка, Музей ""Таємниці підземної Одеси"", Центр, Філармонія, ТЦ ""ЦУМ Одеса"", Старокінний ринок, Дерибасівська, Суднобудівник сел., Олімпійський сквер, Аркадія, Ближні млини, Новый ринок, Грецький парк, Морський університет, Старобазарний сквер, Слобідська, Соборна площа, Міська інфекційна лікарня, Малиновський ринок, ТЦ ""Новий Привоз"", Матроська слобода, ТЦ ""Галерея Афіна"", Старе місто, Херсонський сквер, Привоз, Хмари, Пасаж Менделевичів, Міська лікарня №10, Книжковий ринок, Художній музей, Міський сад, Преображенський парк, Одеська ТЕЦ, Сквер Георгія Гамова, Собор Різдва Христового, Слобідка-Воронцовка, Автовокзал, Дім клоунів, Fozzy, Зоопарк, Різдвяна, Сахалінчик, Черемушки, Театр опери і балету, Автоклуб TVERDOVSKY, ОК ""Одескабель"", Старосінний сквер, Драмтеатр ім. В.Василько, Дім Павлових, Траса здоров'я, Музей бетону, Храм Св. Димитрія Ростовського, Парк Перемоги, Одеса-порт, Пересип, Мечниківський сквер, Воронцовка, ТЦ ""Острів"", Парк ""Дюківський сад"", Обласний диспансер, Більшовик, Порт Одеса, Історичний центр, Одеса-Поїзна, Дюковський ЖМ, Слобідський ринок, Ветеринарна лікарня, Одеська політехніка, Фонтан, Отрада, Пляж Зерновий, Одеса-Пересип, Універсам Точка, Пересипський міст, Завод ""Сільхозмаш"", Солдатська слобідка"
Одеса,4,"Бугаївка, Курсаки, Черемушки, Площа Бориса Дерев'янка, Міська лікарня №11, Слобідка, Мікрон, Fozzy, Спортклуб ""Смайл"", Парк Перемоги, Обласна дитяча лікарня, Залізничний, Пейнтбольний клуб Headshot, Вишка, Застава-1, Застава-2, Черьомушки ринок, Хаджибеївка, Сквер Георгія Гамова, Парк Лузанівка, Музей ""Таємниці підземної Одеси"", Парк ""Дюківський сад"", Ближні млини, Обласний диспансер, Біопарк, Олімпійський сквер, Слобідський ринок, Молдаванка, ТЦ ""Лаванда"", Слобідка-Воронцовка, Ленселище, Малиновський ринок, Савицький парк, ТЦ ""Центральний Будинок меблів"", Цукрове сел, Крива Балка"
Полтава,0,"Алмазний, Ринок ""Станіславський"", PolAgroGym, Автовокзал, Алея Слави, Пушкарівка, ТЦ ""Валіза"", Центр Сімейної Медицини, Огнівка, ТЦ ""Паровоз"", Сади 1, Ринок на Алмазному, Сади 2, ТЦ ""Мир"", ТЦ ""Епіцентр"", Половки, Парк Воїнів-афганців, Універсам ""Полтава"""
Полтава,1,"Каштанова алея, ТРЦ ""Київ"", Стадіон ""Ворскла"", м-н Браїлки, ТЦ ""AVENUE"", Полтава-КиЇвська, Парк ""Незалежності"", Інститут Зв'язку, Павленківский парк, Юрівка, Колонія, Павленки, Центр, Боженка, McDonald's"
Полтава,2,"Поділ, Краєзнавчий музей, Стадіон ""Локомотив"", Левада, Дублянщина"
Полтава,3,"Парк ""Браїлки"", ГРЛ, Половки, м-н Браїлки, Авіамістечко, Завод ""ЗБВ"", Ринок Браїлки"
Полтава,4,"Боженка, McDonald's, ТРЦ ""Київ"", Алея Героїв"
Полтава,5,Центр
Полтава,6,"Сонячний парк, Кругла площа, Районна лікарня, Алмазний, Краєзнавчий музей, Центр, Педагогічний університет, ТЦ ""Метрополітен"", Стадіон ""Ворскла"", ТРЦ ""Конкорд"", ТЦ ""ЦУМ"", Театр ляльок, Архімандритський сад, Парк ""Перемога"", Парк ""Незалежності"", Пушкарівка"
Полтава,7,"Алмазний, Коледж нафти і газу, McDonald's, 4-а міська лікарня, Свято-Макарівський собор, Пров. Чайковського, Парк ім. Котляревського, Податкова інспекція, Sport Life"
Полтава,8,"Ринок Левада, 3-я міська поліклініка, Левада, Прирічковий парк, ТЦ ""Мир"", McDonald's, Everest Gym, Поділ"
Рівне,0,"Біла, Пивзавод, Епіцентр, Велмарт, Ювілейний, Костел св.Петра і Павла, Набережна, ТРЦ Екватор, ЦНАП Рівненської РДА, Свято-Георгіївське подвір'я, Аграрний коледж, Тинне, Центр, Пенсійний фонд"
Рівне,1,"Північний, Ринок Північний, Щасливе, Велмарт, Льонокомбінат, Sky UP, Біла, Пивзавод, Автостанція Чайка"
Рівне,2,"Щасливе, Відін, Новий Двір, Льонокомбінат"
Рівне,3,"Велмарт, Ювілейний, ТЦ Млинівський, ТЦ Скеля, ТРЦ Екватор, Динамо, Хімік"
Рівне,4,"Автовокзал, Тролейбусне управління, Радіозавод, Епіцентр, Центр, Зоопарк, 12 школа, Андріївський ринок, Відін, ТРЦ Арена"
Рівне,5,"Автостанція Чайка, Дитяча поліклініка, БарМаки, Ринок Північний, Північний, ТРЦ Чайка, Автовокзал"
Рівне,6,"Гідропарк, ТРЦ Чайка, Центр, Органний зал, Театр ляльок, Краєзнавчий музей, Майдан Незалежності, Парк Лебединка, ЦНАП у місті Рівному, ТЦ Мрія, Велмарт, Фітнес порт, Рівненська ОДА, Готель Мир, РДГУ, 12 школа, Father, Щасливе, РОІППО, Хімік, ТЦ Grand Базар, Алея кованих фігур, Ювілейний, Залізничний вокзал, Аміго, Музей бурштину"
Суми,0,"Сквер ім. Харитоненка, ТЦ ""Мануфактура"", Театр ім. М.С.Щепкіна, ТРЦ ""Лавина"", Засумське кладовище, EASY Smoky Bar, Храм Святого Миколая, Меморіал Вічної Слави, Центральний ринок, Філармонія, Пророко-Ільїнська церква, СК «Динамо», Сумський будівельний коледж, Спасо-Преображенський Собор, Завод ""СЕЛМІ"", 12 мікрорайон, Автостанція, Парк ім. І.М.Кожедуба"
Суми,1,"Тенісний корт, ТРЦ ""Лавина"", 12 мікрорайон, ТРЦ ""Атріум"", 10-й мікрорайон, Пляж ""Блакитні Озера"", 9-й мікрорайон, Парк ім. І.М.Кожедуба, ТЦ ""Епіцентр"""
Суми,2,"4-а поліклініка, Школа №22, Привокзальний ринок, Парк ""Веретенівський"", Веретенівка"
Суми,3,"Ринок ""СКД"", ТРЦ ""Лавина"", Пришибська площа, Школа №6, Сумський м'ясокомбінат, Сумський державний університет, Легкоатлетичний манеж, Парк ""Еко-парк"", ТЦ ""Центральний універмаг"", Стадіон ""Ювілейний"", Палац культури ""Хімік"""
Суми,4,Сумське НПО
Суми,5,"Сквер Небесної сотни, СНАУ, Меморіал Вічної Слави, ТРЦ ""Лавина"", Липова алея, СК ""Олімп"", Школа №25, Кадет. корпус ім. І.Г. Харитоненка, Меморіальний парк, Аеропорт"
Суми,6,"СК ""Авангард"", Вокзал, Парк ""Казка"", ТРЦ ""Євробазар"", Кінотеатр ""Дружба"", Сумське НПО, Троїцький собор, Стадіон ""Авангард"", ж/д станція ""Суми"", ТРЦ ""Лавина"", Майдан Незалежності"
Тернопіль,0,"Аляска, Канада, Сонячний, Гірськолижний курорт ""Савич-парк"", Північний, ТЦ ""Площа Ринок"", Центр, ДРЦ ""Країна мрій"", ТЦ ""Ray Tsentr"""
Тернопіль,1,"Дружба, ТЦ ""Весна"", McDonald's, Парк ""Здоровʼя"", Економічний університет, Лісопарк ""Загребелля"", Кутківці, Загребелля, Зоокуток, Центр"
Тернопіль,2,"Бакаїха, Оболоня, Дружба, Поділ, Церква Успіння Пр.Богородиці, Скрут, ТЦ ""Кристал"", Алігатор, ТЦ «PLAZMA», ТЦ ""Grand"", Речовий ринок, ТЦ ""Оболоня"", Центр, Замчище, ТЦ «Атріум», Старий парк, Автовокзал, Микулинецьке кладовище, Центральний міський ринок, ТЦ «Орнава»"
Тернопіль,3,"Північний, ТЦ ""Площа Ринок"", Сонячний, Аляска, Промисловий, Церква Св. Апостола Петра, ТРЦ ""Подоляни"""
Тернопіль,4,"Східний, Обласна дитяча лікарня, Стадіон ім. А.Шевченка, Співоче поле, Собор Віри, Надії, Любові та матері Софії, Аляска, ТЦ ""METRO"", Старий парк, Канада, Гаї"
Тернопіль,5,
Тернопіль,6,"Центр, Сонячний, Провалиха, Старий парк, Аляска, Бібліотека для молоді, Промисловий, Кінотеатр ""Злата"", Новий Світ, Канада, Стадіон ім. А.Шевченка, Спортивна база ""Спартак"", Тернопільський замок, Залізничний вокзал"
Ужгород,0,"ТЦ ""Епіцентр"", Готель ""Ужгород"", ТЦ ""Bozdosh"", Боздоський парк, Закарпатський Університет, Словʼянська набережна, ТЦ «Новий», ТЦ ""Арена"", ТРЦ ""Токіо"", Ужгородська гімназія, ТЦ ""Палладіум"""
Ужгород,1,
Ужгород,2,"Ринок ""Минайський"", Покровська церква, просп.Свободи, Промисловий, Готель ""Ужгород"", Словʼянська набережна, пл. Шандора Петефі, СК ""Юність"", Залізничний вокзал, Готель ""Інтурист Закарпаття"", ТРЦ ""Токіо"", Центр, Автовокзал, УТЕІ КНТЕУ, ТЦ ""Білочка"", Храм Христа Спасителя, Кінотеатр ""Доміон"", Радванка"
Ужгород,3,"Авангард стадіон, Компотний, Парк Ротарі, Міграційна служба, Національний університет, Парк Св.Тетяни, Обласна інфекційна лікарня, Аеропорт, БАМ, ТЦ «Дастор»"
Ужгород,4,"Міська дитяча лікарня, ТЦ ""Едельвейс"", ТЦ ""Ріо Плаза"", Готель ""Галагов"", Мала Прага, Готель ""Ізумруд"", Новий, Театр ляльок, Драмтеатр, ТЦ ""IDM Mall"", Академія мистецтв, Ужгородський замок, Цвинтар ""Кальварія"", Стадіон ""Спартак"", Доманинцi, Совине Гніздо, Шахта, Боздоський парк, Словʼянська набережна"
Ужгород,5,
Харків,0,"Залопань, Панасівка, Гончарівка, Рубанівка, парк Юність, Григорівський бір, Лиса гора, Гиївка, Південна залізниця, Григорівка, Карпівський сад, Карпівка, Залютине, Дудківка, Автостанція Привокзальна, Завод ім. Шевченка, Новий Побут, Локомотив, Пташиний ринок, Новожаново, Нова Баварія, Новоселівка, Филиппівка, Спортклуб ""Фенікс"", Парк Мирський Гай, Палац Залізничників"
Харків,1,"Нагірний, Молодіжний парк, Кінотеатр ""Palladium"", Архангело-Михайлівський храм, Цирк, Поділ, Центральний Ринок, Лопанська стрілка, Кінний ринок, ТРЦ Французький бульвар, Автовокзал, Велозаводський сквер, Рашкіна дача, ТРЦ Nikolsky, Харківський зоопарк, Левада, стадіон Металіст, Університет міського господарства, Москалівка, Майдан Захисників України, Заїківка, Центр, Жуковського, Сквер Стрілка, Університетська гірка, Червоний промінь, Залопань, Свято-Успенський собор, Захарків, Основа, Сад ім. Т. Шевченка, Журавлівка, Панасівка, Гончарівка"
Харків,2,"ХТЗ, Стадіон ХТЗ, Східний, Медичний центр ""Вікторія"", Новозахідний, Обрій-1, Старе Затишшя, Сонячний, 759-А м.р., Завод ""Електроважмаш"", парк Зелений гай, Рогань, Обрій, Воєнвід, Обрій-2, Спорткомплекс ""Зміна"""
Харків,3,"624 м.р., 535-А м.р., 656 м.р., Салтівка, 627 м.р., Перше Салтівське селище, 606-А м.р., 601 м.р., Салтівський м'ясокомбінат, Стара Салтівка, ТРЦ Французький бульвар, 604 м.р., Міська лікарня №7, Сад «ім. 50-річчя Жовтня», 602 м.р., 605 м.р., 603 м.р., 625 м.р., Барабашово, 626 м.р., Сабурова дача, Петренки, Кірова, Друге Салтівське селище, ТРК Україна, Серп і молот, 615 м.р., Парк Пам'яті, Нові будинки, Кулиничі, 606 м.р., парк Перемога, Пам'ятник Гвардійцям Широнінцям, Авторинок ""Барабашово"""
Харків,4,"Шатилівка, Журавлівка, Павлове поле, 6 м.р., Лісопарк, Соснова гірка, Держпром, Сокольники, 4 м.р., 5 м.р., Помірки, Університет радіоелектроніки, Саржин Яр, Павлівка, Харківський зоопарк, Нагірний, Іподром, Молодіжний парк, Сумський ринок, 1 м.р., парк ім. М. Горького, 2 м.р., 3 м.р., Лиса гора, Локомотив, 337 м.р., Іванівка"
Харків,5,"841 м.р., Нові будинки, Одеська, ЦНАП, 29 м.р., парк Машинобудівників, Аеропорт, 27 м.р., карʼєр Дружба, 24 м.р., Епіцентр, Архангело-Михайлівський храм, Левада, Артема, Качанівка, Стадіон ХТЗ, парк Зустріч, 25 м.р., 28 м.р., селище ім. Герцена, Основа, Комунальний ринок, Кінотеатр ""Київ"", ТРЦ Sun Mall, стадіон Металіст, Червоний промінь, Федірці, 27-А м.р., Аквапарк Джунглі"
Харків,6,"Олексіївка, Зелене, 338 м.р., 337 м.р., 4 м.р., Олексіївський лугопарк, 336 м.р., Лісопарк, ТРЦ Planeta Mall, 5 м.р., Жуковського, Інститут банківської справи, 339 м.р., П'ятихатки, Павлове поле, Обласна дитяча лікарня"
Харків,7,"524 м.р., 520 м.р., ТЦ ""Екватор"", 521 м.р., 606 м.р., Інтернаціоналіст, Шевченки, 533 м.р., 531 м.р., Урбан-парк, Північний-1 (Джерела), Лазьківка, Піски (522 м.р.), Північний-5, ТРЦ Караван, Північний-3, Жуковського, Журавлівка, Барабашово, Північний-4, Шишківка, 607 м.р., Журавлівський гідропарк, Новожаново, Кірова, ТРЦ ""Дафі"", Свято-Миколаївський храм, Салтівка, Спортклуб ""ADRENALIN"", 537 м.р., 535-А м.р., Північна Салтівка, Педагогічний університет, 606-А м.р., Північний-2, ТРЦ Французький бульвар, Аерокосмічний університет, 519 м.р."
Хмельницький,0,"ХНУ, Дальні Гречани, Дитяча лікарня, Південно-західний, Озерна, Дубове, Парк ім.Чекмана, Виставка, Аквапарк 7 океан, Ружична, Гречани, Стадіон Локомотив, Речовий ринок, Пляж, Центр"
Хмельницький,1,"Озерна, Виставка, ТЦ Агора, ТЦ Urban Street, Перший Парковий, Дивокрай, Ракове, ТЦ Ріко, Заготзерно, Дендропарк, Південно-західний, Парк ім.Чекмана, Центр"
Хмельницький,2,
Хмельницький,3,"Лезневе, Міська лікарня, Політехнічний коледж, Автовокзал, ТРЦ WoodMall, McDonald's, Старий Аеродром, Дубове, План, Заготзерно, Кавказ, Автовокзал 2, Залізничний вокзал, Виставка, ТЦ Агора, Заводський, Центр, Заріччя, Озерна, Дендропарк"
Хмельницький,4,
Хмельницький,5,"Філармонія, Дубове, ЦУМ, Заріччя, Пам'ятник Богдану Хмельницькому, Сквер ім. Івана Франка, Старе місто, Виставка, ТРЦ Оазис, Епіцентр, Поділ, Парк ім.Чекмана, ТЦ Ріко, Молодіжний парк, Набережна, Кавказ, ТРГК Либідь-Плаза, Дитячий світ, Театр ім. Михайла Старицького, Дитяча лікарня, Стадіон Поділля, ТЦ КVARTAL, Старий Аеродром, Політехнічний коледж, Центр, ТЦ Магніт, Відрадне, Південно-західний, Пляж, Міська лікарня, Станція Кам'янецький переїзд, Церква Різдва Пресвятої Богородиці, Продуктовий ринок, Озерна, Ракове"
Хмельницький,6,Дубове
Хмельницький,7,"Ракове, Тарабанівка, Книжківці, Лезневе, ТЦ Агора, Центр"
Черкаси,0,"Автомобільний ринок, Південно-Західний, ТЦ «Епіцентр», Завод ""Богдан"", Сквер ""Сонячний"", Ярославський ринок, Митниця"
Черкаси,1,"Парк ""Казка"", Припортовий, Черкаська набережна, Храм Андрія Первозванного, ТЦ ""Dnipro Plaza"", Пляж «Митницький», Митниця, Богданівський, Річковий вокзал, Ринок на Сєдова, Калиновий, Соборний"
Черкаси,2,"Кривалівка, Калиновий, Припортовий, ТЦ ""Прем'єр"", 700-річчя, Дніпровський, Парк ""Казка"", Ринок на Сєдова, Пров. Сєдова, П'ятихатки"
Черкаси,3,"Сквер Юність, Драмтеатр, Стадіон «Дніпро», ТЦ «Плазма», ТРЦ “Lubava”, Соборний, Центральний ринок, Соборна площа, Пляж «Смілянський», Художній музей, Центр, Парк ім. Б.Хмельницького, Казбет, Митниця, ЖД вокзал, Критий ринок, Свято-Михайлівський собор, ТЦ ""Хрещатик-Сіті"", ТЦ ""Будинок торгівлі"", Пляж «Митницький», Храм Андрія Первозванного, Богданівський, Парк ""Молодіжний"", Палац культури «Дружба народів», Автостанція ""Дашковича"""
Черкаси,4,"Парк ""Зелений гай"", Південно-Західний, Парк ""Спортивний"", Дахнівка"
Черкаси,5,"Парк ""Хіміків"", Південно-Західний, Хімселище, Парк ""Перемоги"", ЖД вокзал, Міська інфекційна лікарня"
Чернівці,0,"Монастирище, ТЦ ""Проспект"", пр-т Незалежності, Центральний парк ім. Т.Шевченка, Героїв Майдану, Центр, ТЦ ""Формаркет"", Клуб Energy"
Чернівці,1,пр-т Незалежності
Чернівці,2,"ТЦ ""Rika"", Гравітон, Гарячий Урбан, Аквапарк Family Park BBQ, Автовокзал"
Чернівці,3,"Університет ім. Ю.Федьковича, Центр, Кінотеатр ""Чернівці"", Комарова, Музей Володимира Івасюка, Парк Шиллера, Героїв Майдану, Залізничний вокзал, Театр ляльок, Свято-Миколаївський собор, Центральний парк ім. Т.Шевченка, Драмтеатр ім. О.Кобилянської, ТЦ ""Майдан"""
Чернівці,4,"Автовокзал, РЦ ""Країна Мрій"", Комарова, Стадіон ""Олімпія"""
Чернівці,5,"Героїв Майдану, Клокучка"
Чернівці,6,Садгора
Чернігів,0,"Стадіон ""Локомотив"", McDonald's, ТЦ ""Рояль"", Ринок ""Привокзальний"", Єлецький Успенський монастирь, Толстого, Чернігіввовна, СК ""Хімік"""
Чернігів,1,"Обласна лікарня, Летка, Боулінг-клуб ""Аватар"", Червоний Хутір, Ринок ""На бойовій"", Стріла, Парк ""Яловщина"", Ялівщина, Ремзавод"
Чернігів,2,"Парк ""Яловщина"", ТЦ ""Епіцентр"", ТРЦ ""HOLLYWOOD"", Ринок Нива"
Чернігів,3,"McDonald's, Масани, Нова Подусівка, Парк Масани, Велмарт, Забарівка"
Чернігів,4,"Колегіум ім. Т.Г.Шевченка, Районна лікарня, Чернігівська Політехніка, Ринок Нива, Центральний парк культури і відпочинку, м-н Савчука, Чезара"
Чернігів,5,"Красний міст, Міський Палац культури, Стадіон ""Юність"", Сквер ім. М.Попудренка, Свято-Михайлівський храм, ТЦ ""ЦУМ"", Обласна дитяча лікарня, Центральний ринок, Свято-воскресенський собор, Філармонія, Сквер ім. Б.Хмельницького, Площа Дружби Народів, Проспект Перемоги, Парк ""Чернігівський дитинець"", Стара Подусівка, Масани, Парк ""Мар'їн гай"", Червоний Хутір, Драмтеатр, ТЦ ""CENTRAL MALL"""
Чернігів,6,"ЗАЗ, СК ""Чернігів-Арена"""
